employee_id,first_name,last_name,address,phone,level,salary,creation_date,active,email
1,Rafael,Roano,4369 felton,5564735.0,1,10,2021-04-19,True,
2,Rafael,Roano,Cataratas Niagara 163,5564735.0,1,10,2021-04-19,True,
3,Rafael,Roano,4369 felton,5564735.0,1,10,2021-04-19,True,
4,Rafael,Roano,Cataratas Niagara 163,5564735.0,1,10,2021-04-19,True,
5,Rafael,Roano,Cataratas Niagara 163,5564735.0,1,10,2021-04-19,True,
6,Rafael,Roano,Cataratas Niagara 163,5564735.0,1,10,2021-04-19,True,
7,Rafael,Roano,4,5564735.0,1,10,2021-04-19,True,
8,Rafael,Roano,Cataratas Niagara 163,5564735.0,1,10,2021-04-19,True,
9,Rafael,Roano,Cataratas Niagara 163,5564735.0,1,10,2021-04-19,True,
10,Rafael,Roano,nueva direc,5564735.0,1,10,2021-04-19,True,15689@
11,Rafael,Roano,nueva direc,15689.0,1,10,2021-04-19,True,
12,Rafael,Roano,Cataratas Niagara 163,5564735.0,1,10,2021-04-19,True,
13,Rafael,Roano,Cataratas Niagara 163,5564735.0,1,10,2021-04-19,True,
14,Rafael,Roano,Cataratas Niagara 163,5564735.0,1,10,2021-04-19,True,
15,Rafael,Roano,Cataratas Niagara 163,5564735.0,1,10,2021-04-19,True,
16,Rafael,Roano,Cataratas Niagara 163,5564735.0,1,10,2021-04-19,True,
17,Rafael,Roano,Cataratas Niagara 163,5564735.0,1,10,2021-04-19,True,
18,Rafael,Roano,Cataratas Niagara 163,5564735.0,1,10,2021-04-19,True,
19,Rafael,Roano,Cataratas Niagara 163,5564735.0,1,10,2021-04-19,True,
20,Rafael,Roano,Cataratas Niagara 163,5564735.0,1,10,2021-04-19,True,
21,Rafael,Roano,Cataratas Niagara 163,5564735.0,1,10,2021-04-19,True,
22,Rafael,Roano,Cataratas Niagara 163,5564735.0,1,10,2021-04-19,True,
23,Rafael,Roano,Cataratas Niagara 163,5564735.0,1,10,2021-04-19,True,
24,Rafael,Roano,Cataratas Niagara 163,5564735.0,1,10,2021-04-19,True,
25,Rafael,Roano,Cataratas Niagara 163,5564735.0,1,10,2021-04-19,True,
26,Rafael,Roano,Cataratas Niagara 163,5564735.0,1,10,2021-04-19,True,
27,Rafael,Roano,Cataratas Niagara 163,5564735.0,1,10,2021-04-19,True,
28,Rafael,Roano,Cataratas Niagara 163,5564735.0,1,10,2021-04-19,True,
29,Rafael,Roano,Cataratas Niagara 163,5564735.0,1,10,2021-04-19,True,
30,Rafael,Roano,Cataratas Niagara 163,5564735.0,1,10,2021-04-19,True,
31,Rafael,Roano,Cataratas Niagara 163,5564735.0,1,10,2021-04-19,True,
32,Rafael,Roano,Cataratas Niagara 163,5564735.0,1,10,2021-04-19,True,
33,Rafael,Roano,Cataratas Niagara 163,5564735.0,1,10,2021-04-19,True,
34,Rafael,Roano,Cataratas Niagara 163,5564735.0,1,10,2021-04-19,True,
35,Rafael,Roano,Cataratas Niagara 163,5564735.0,1,10,2021-04-19,True,
36,Rafael,Roano,Cataratas Niagara 163,5564735.0,1,10,2021-04-19,True,
37,Rafael,Roano,Cataratas Niagara 163,5564735.0,1,10,2021-04-19,True,
38,Rafael,Roano,Cataratas Niagara 163,5564735.0,1,10,2021-04-19,True,
39,Rafael,Roano,Cataratas Niagara 163,5564735.0,1,10,2021-04-19,True,
40,Rafael,Roano,Cataratas Niagara 163,5564735.0,1,10,2021-04-19,True,
41,Rafael,Roano,Cataratas Niagara 163,5564735.0,1,10,2021-04-19,True,
42,Rafael,Roano,Cataratas Niagara 163,5564735.0,1,10,2021-04-19,True,
43,Rafael,Roano,Cataratas Niagara 163,5564735.0,1,10,2021-04-19,True,
44,Rafael,Roano,Cataratas Niagara 163,5564735.0,1,10,2021-04-19,True,
45,Rafael,Roano,Cataratas Niagara 163,5564735.0,1,10,2021-04-19,True,
46,Rafael,Roano,Cataratas Niagara 163,5564735.0,1,10,2021-04-19,True,
47,Rafael,Roano,Cataratas Niagara 163,5564735.0,1,10,2021-04-19,True,
48,Rafael,Roano,Cataratas Niagara 163,5564735.0,1,10,2021-04-19,True,
49,Rafael,Roano,Cataratas Niagara 163,5564735.0,1,10,2021-04-19,True,
50,Rafael,Roano,Cataratas Niagara 163,5564735.0,1,10,2021-04-19,True,
51,Rafael,Roano,Cataratas Niagara 163,5564735.0,1,10,2021-04-19,True,
52,Rafael,Roano,Cataratas Niagara 163,5564735.0,1,10,2021-04-19,True,
53,Rafael,Roano,Cataratas Niagara 163,5564735.0,1,10,2021-04-19,True,
54,Rafael,Roano,Cataratas Niagara 163,5564735.0,1,10,2021-04-19,True,
55,Rafael,Roano,Cataratas Niagara 163,5564735.0,1,10,2021-04-19,True,
56,Rafael,Roano,Cataratas Niagara 163,5564735.0,1,10,2021-04-19,True,
57,Rafael,Roano,Cataratas Niagara 163,5564735.0,1,10,2021-04-19,True,
58,Rafael,Roano,Cataratas Niagara 163,5564735.0,1,10,2021-04-19,True,
59,Rafael,Roano,Cataratas Niagara 163,5564735.0,1,10,2021-04-19,True,
60,Rafael,Roano,Cataratas Niagara 163,5564735.0,1,10,2021-04-19,True,
61,Rafael,Roano,Cataratas Niagara 163,5564735.0,1,10,2021-04-19,True,
62,Rafael,Roano,Cataratas Niagara 163,5564735.0,1,10,2021-04-19,True,
63,Rafael,Roano,Cataratas Niagara 163,5564735.0,1,10,2021-04-19,True,
64,Rafael,Roano,Cataratas Niagara 163,5564735.0,1,10,2021-04-19,True,
65,Rafael,Roano,Cataratas Niagara 163,5564735.0,1,10,2021-04-19,True,
66,Rafael,Roano,Cataratas Niagara 163,5564735.0,1,10,2021-04-19,True,
67,Rafael,Roano,Cataratas Niagara 163,5564735.0,1,10,2021-04-19,True,
68,Rafael,Roano,Cataratas Niagara 163,5564735.0,1,10,2021-04-19,True,
69,Rafael,Roano,Cataratas Niagara 163,5564735.0,1,10,2021-04-19,True,
70,Rafael,Roano,Cataratas Niagara 163,5564735.0,1,10,2021-04-19,True,
71,Rafael,Roano,Cataratas Niagara 163,5564735.0,1,10,2021-04-19,True,
72,Rafael,Roano,Cataratas Niagara 163,5564735.0,1,10,2021-04-19,True,
73,Rafael,Roano,Cataratas Niagara 163,5564735.0,1,10,2021-04-19,True,
74,Rafael,Roano,Cataratas Niagara 163,5564735.0,1,10,2021-04-19,True,
75,Rafael,Roano,Cataratas Niagara 163,5564735.0,1,10,2021-04-19,True,
76,Rafael,Roano,Cataratas Niagara 163,5564735.0,1,10,2021-04-19,True,
77,Rafael,Roano,Cataratas Niagara 163,5564735.0,1,10,2021-04-19,True,
78,Rafael,Roano,Cataratas Niagara 163,5564735.0,1,10,2021-04-19,True,
79,Rafael,Roano,Cataratas Niagara 163,5564735.0,1,10,2021-04-19,True,
80,Rafael,Roano,Cataratas Niagara 163,5564735.0,1,10,2021-04-19,True,
81,Rafael,Roano,Cataratas Niagara 163,5564735.0,1,10,2021-04-19,True,
82,Rafael,Roano,Cataratas Niagara 163,5564735.0,1,10,2021-04-19,True,
83,Rafael,Roano,Cataratas Niagara 163,5564735.0,1,10,2021-04-19,True,
84,Rafael,Roano,Cataratas Niagara 163,5564735.0,1,10,2021-04-19,True,
85,Rafael,Roano,Cataratas Niagara 163,5564735.0,1,10,2021-04-19,True,
86,Rafael,Roano,Cataratas Niagara 163,5564735.0,1,10,2021-04-19,True,
87,Rafael,Roano,Cataratas Niagara 163,5564735.0,1,10,2021-04-19,True,
88,Rafael,Roano,Cataratas Niagara 163,5564735.0,1,10,2021-04-19,True,
89,Rafael,Roano,Cataratas Niagara 163,5564735.0,1,10,2021-04-19,True,
90,Rafael,Roano,Cataratas Niagara 163,5564735.0,1,10,2021-04-19,True,
91,Rafael,Roano,Cataratas Niagara 163,5564735.0,1,10,2021-04-19,True,
92,Rafael,Roano,Cataratas Niagara 163,5564735.0,1,10,2021-04-19,True,
93,Rafael,Roano,Cataratas Niagara 163,5564735.0,1,10,2021-04-19,True,
94,Rafael,Roano,Cataratas Niagara 163,5564735.0,1,10,2021-04-19,True,
95,Rafael,Roano,Cataratas Niagara 163,5564735.0,1,10,2021-04-19,True,
96,Rafael,Roano,Cataratas Niagara 163,5564735.0,1,10,2021-04-19,True,
97,Rafael,Roano,Cataratas Niagara 163,5564735.0,1,10,2021-04-19,True,
98,Rafael,Roano,Cataratas Niagara 163,5564735.0,1,10,2021-04-19,True,
99,Rafael,Roano,Cataratas Niagara 163,5564735.0,1,10,2021-04-19,True,
100,Rafael,Roano,Cataratas Niagara 163,5564735.0,1,10,2021-04-19,True,
101,Rafael,Roano,Cataratas Niagara 163,5564735.0,1,10,2021-04-19,True,
102,Rafael,Roano,Cataratas Niagara 163,5564735.0,1,10,2021-04-19,True,
103,Rafael,Roano,Cataratas Niagara 163,5564735.0,1,10,2021-04-19,True,
104,Rafael,Roano,Cataratas Niagara 163,5564735.0,1,10,2021-04-19,True,
105,Rafael,Roano,Cataratas Niagara 163,5564735.0,1,10,2021-04-19,True,
106,Rafael,Roano,Cataratas Niagara 163,5564735.0,1,10,2021-04-19,True,
107,Rafael,Roano,Cataratas Niagara 163,5564735.0,1,10,2021-04-19,True,
108,Rafael,Roano,Cataratas Niagara 163,5564735.0,1,10,2021-04-19,True,
109,Rafael,Roano,Cataratas Niagara 163,5564735.0,1,10,2021-04-19,True,
110,Rafael,Roano,Cataratas Niagara 163,5564735.0,1,10,2021-04-19,True,
111,Rafael,Roano,Cataratas Niagara 163,5564735.0,1,10,2021-04-19,True,
112,Rafael,Roano,Cataratas Niagara 163,5564735.0,1,10,2021-04-19,True,
113,Rafael,Roano,Cataratas Niagara 163,5564735.0,1,10,2021-04-19,True,
114,Rafael,Roano,Cataratas Niagara 163,5564735.0,1,10,2021-04-19,True,
115,Rafael,Roano,Cataratas Niagara 163,5564735.0,1,10,2021-04-19,True,
116,Rafael,Roano,Cataratas Niagara 163,5564735.0,1,10,2021-04-19,True,
117,Rafael,Roano,Cataratas Niagara 163,5564735.0,1,10,2021-04-19,True,
118,Rafael,Roano,Cataratas Niagara 163,5564735.0,1,10,2021-04-19,True,
119,Rafael,Roano,Cataratas Niagara 163,5564735.0,1,10,2021-04-19,True,
120,Rafael,Roano,Cataratas Niagara 163,5564735.0,1,10,2021-04-19,True,
121,Rafael,Roano,Cataratas Niagara 163,5564735.0,1,10,2021-04-19,True,
122,Rafael,Roano,Cataratas Niagara 163,5564735.0,1,10,2021-04-19,True,
123,Rafael,Roano,Cataratas Niagara 163,5564735.0,1,10,2021-04-19,True,
124,Rafael,Roano,Cataratas Niagara 163,5564735.0,1,10,2021-04-19,True,
125,Rafael,Roano,Cataratas Niagara 163,5564735.0,1,10,2021-04-19,True,
126,Rafael,Roano,Cataratas Niagara 163,5564735.0,1,10,2021-04-19,True,
127,Rafael,Roano,Cataratas Niagara 163,5564735.0,1,10,2021-04-19,True,
128,Rafael,Roano,Cataratas Niagara 163,5564735.0,1,10,2021-04-19,True,
129,Rafael,Roano,Cataratas Niagara 163,5564735.0,1,10,2021-04-19,True,
130,Rafael,Roano,Cataratas Niagara 163,5564735.0,1,10,2021-04-19,True,
131,Rafael,Roano,Cataratas Niagara 163,5564735.0,1,10,2021-04-19,True,
132,Rafael,Roano,Cataratas Niagara 163,5564735.0,1,10,2021-04-19,True,
133,Rafael,Roano,Cataratas Niagara 163,5564735.0,1,10,2021-04-19,True,
134,Rafael,Roano,Cataratas Niagara 163,5564735.0,1,10,2021-04-19,True,
135,Rafael,Roano,Cataratas Niagara 163,5564735.0,1,10,2021-04-19,True,
136,Rafael,Roano,Cataratas Niagara 163,5564735.0,1,10,2021-04-19,True,
137,Rafael,Roano,Cataratas Niagara 163,5564735.0,1,10,2021-04-19,True,
138,Rafael,Roano,Cataratas Niagara 163,5564735.0,1,10,2021-04-19,True,
139,Rafael,Roano,Cataratas Niagara 163,5564735.0,1,10,2021-04-19,True,
140,Rafael,Roano,Cataratas Niagara 163,5564735.0,1,10,2021-04-19,True,
141,Rafael,Roano,Cataratas Niagara 163,5564735.0,1,10,2021-04-19,True,
142,Rafael,Roano,Cataratas Niagara 163,5564735.0,1,10,2021-04-19,True,
143,Rafael,Roano,Cataratas Niagara 163,5564735.0,1,10,2021-04-19,True,
144,Rafael,Roano,Cataratas Niagara 163,5564735.0,1,10,2021-04-19,True,
145,Rafael,Roano,Cataratas Niagara 163,5564735.0,1,10,2021-04-19,True,
146,Rafael,Roano,Cataratas Niagara 163,5564735.0,1,10,2021-04-19,True,
147,Rafael,Roano,Cataratas Niagara 163,5564735.0,1,10,2021-04-19,True,
148,Rafael,Roano,Cataratas Niagara 163,5564735.0,1,10,2021-04-19,True,
149,Rafael,Roano,Cataratas Niagara 163,5564735.0,1,10,2021-04-19,True,
150,Rafael,Roano,Cataratas Niagara 163,5564735.0,1,10,2021-04-19,True,
151,Rafael,Roano,Cataratas Niagara 163,5564735.0,1,10,2021-04-19,True,
152,Rafael,Roano,Cataratas Niagara 163,5564735.0,1,10,2021-04-19,True,
153,Rafael,Roano,Cataratas Niagara 163,5564735.0,1,10,2021-04-19,True,
154,Rafael,Roano,Cataratas Niagara 163,5564735.0,1,10,2021-04-19,True,
155,Rafael,Roano,Cataratas Niagara 163,5564735.0,1,10,2021-04-19,True,
156,Rafael,Roano,Cataratas Niagara 163,5564735.0,1,10,2021-04-19,True,
157,Rafael,Roano,Cataratas Niagara 163,5564735.0,1,10,2021-04-19,True,
158,Rafael,Roano,Cataratas Niagara 163,5564735.0,1,10,2021-04-19,True,
159,Rafael,Roano,Cataratas Niagara 163,5564735.0,1,10,2021-04-19,True,
160,Rafael,Roano,Cataratas Niagara 163,5564735.0,1,10,2021-04-19,True,
161,Rafael,Roano,Cataratas Niagara 163,5564735.0,1,10,2021-04-19,True,
162,Rafael,Roano,Cataratas Niagara 163,5564735.0,1,10,2021-04-19,True,
163,Rafael,Roano,Cataratas Niagara 163,5564735.0,1,10,2021-04-19,True,
164,Rafael,Roano,Cataratas Niagara 163,5564735.0,1,10,2021-04-19,True,
165,Rafael,Roano,Cataratas Niagara 163,5564735.0,1,10,2021-04-19,True,
166,Rafael,Roano,Cataratas Niagara 163,5564735.0,1,10,2021-04-19,True,
167,Rafael,Roano,Cataratas Niagara 163,5564735.0,1,10,2021-04-19,True,
168,Rafael,Roano,Cataratas Niagara 163,5564735.0,1,10,2021-04-19,True,
169,Rafael,Roano,Cataratas Niagara 163,5564735.0,1,10,2021-04-19,True,
170,Rafael,Roano,Cataratas Niagara 163,5564735.0,1,10,2021-04-19,True,
171,Rafael,Roano,Cataratas Niagara 163,5564735.0,1,10,2021-04-19,True,
172,Rafael,Roano,Cataratas Niagara 163,5564735.0,1,10,2021-04-19,True,
173,Rafael,Roano,Cataratas Niagara 163,5564735.0,1,10,2021-04-19,True,
174,Rafael,Roano,Cataratas Niagara 163,5564735.0,1,10,2021-04-19,True,
175,Rafael,Roano,Cataratas Niagara 163,5564735.0,1,10,2021-04-19,True,
176,Rafael,Roano,Cataratas Niagara 163,5564735.0,1,10,2021-04-19,True,
177,Rafael,Roano,Cataratas Niagara 163,5564735.0,1,10,2021-04-19,True,
178,Rafael,Roano,Cataratas Niagara 163,5564735.0,1,10,2021-04-19,True,
179,Rafael,Roano,Cataratas Niagara 163,5564735.0,1,10,2021-04-19,True,
180,Rafael,Roano,Cataratas Niagara 163,5564735.0,1,10,2021-04-19,True,
181,Rafael,Roano,Cataratas Niagara 163,5564735.0,1,10,2021-04-19,True,
182,Rafael,Roano,Cataratas Niagara 163,5564735.0,1,10,2021-04-19,True,
183,Rafael,Roano,Cataratas Niagara 163,5564735.0,1,10,2021-04-19,True,
184,Rafael,Roano,Cataratas Niagara 163,5564735.0,1,10,2021-04-19,True,
185,Rafael,Roano,Cataratas Niagara 163,5564735.0,1,10,2021-04-19,True,
186,Rafael,Roano,Cataratas Niagara 163,5564735.0,1,10,2021-04-19,True,
187,Rafael,Roano,Cataratas Niagara 163,5564735.0,1,10,2021-04-19,True,
188,Rafael,Roano,Cataratas Niagara 163,5564735.0,1,10,2021-04-19,True,
189,Rafael,Roano,Cataratas Niagara 163,5564735.0,1,10,2021-04-19,True,
190,Rafael,Roano,Cataratas Niagara 163,5564735.0,1,10,2021-04-19,True,
191,Rafael,Roano,Cataratas Niagara 163,5564735.0,1,10,2021-04-19,True,
192,Rafael,Roano,Cataratas Niagara 163,5564735.0,1,10,2021-04-19,True,
193,Rafael,Roano,Cataratas Niagara 163,5564735.0,1,10,2021-04-19,True,
194,Rafael,Roano,Cataratas Niagara 163,5564735.0,1,10,2021-04-19,True,
195,Rafael,Roano,Cataratas Niagara 163,5564735.0,1,10,2021-04-19,True,
